timestamp,engine_id,model_id,mission_id,altitude,ambient_temp,rpm,throttle,cht,egt,oil_pressure,oil_temp,fuel_flow,vibration_rms,battery_voltage,alternator_current,injection_timing,manifold_pressure,coolant_temp,fuel_pressure,knock_index,harmonic_freq,vibration_kurtosis,vibration_peak_hz,compression_ratio,valve_clearance,radiator_airflow,coolant_delta,cht_cyl_1,cht_cyl_2,cht_cyl_3,cht_cyl_4,egt_cyl_1,egt_cyl_2,egt_cyl_3,egt_cyl_4,cyl_pressure_1,cyl_pressure_2,cyl_pressure_3,cyl_pressure_4,mission_phase,fault_label,fault_active,fault_severity,data_quality,sensor_status,simulation_seed,health_index,rul,cht_residual,egt_residual,oil_pressure_residual,fuel_flow_residual,rpm_residual,vibration_rms_residual
2026-01-01T00:00:00Z,O320_CLASS-SIM-01,O320_CLASS,HIGH_ALTITUDE_ISR,0.457075619631647,9.844002384063925,1182.0036095664516,0.8518811294327824,47.226257773615394,701.7145512328442,54.15863616126691,46.07996592612513,17.662159942124784,0.3668682428970568,13.740781939245885,5.747127983857237,24.27290460463418,25.601086181045208,31.941507473801632,4.227535376855839,0.7353752352247496,38.7205586995855,3.0878450301307274,19.560059271211,7.017127752729095,0.1465953522779803,18.811270669337013,15.284750299813762,46.13570577689679,53.72500826675533,47.83929967426765,52.36596377833002,698.0663321930923,718.2081978347879,703.2624630090237,716.3949428026115,8.543826798689231,9.135360581674277,8.66123818174017,9.01561835380604,TAKEOFF,HEALTHY,False,0.0,1.0,OK,42,91.88,99.87,-2.31054,-3.333663,0.028625,-0.02948,4.959594,-0.034683
2026-01-01T00:00:01Z,O320_CLASS-SIM-01,O320_CLASS,HIGH_ALTITUDE_ISR,85.02679177241467,9.441241214685103,1521.9156740438984,0.8691843709019509,63.54668240652108,731.5414432675846,61.92849542116967,47.297498140824786,20.764695924969033,0.5139380920636737,13.803242607269109,8.149745016063571,25.605381592254087,26.063684216102203,44.82003431672255,4.351075393533174,1.024374887387103,50.22598628539212,2.9754494061227055,25.10098397422574,7.015055390356318,0.14862428874386657,19.159976209751456,18.72664808979853,58.26722438759157,69.01838859301866,59.04166640370773,64.26364351615278,722.1715670348909,743.4419748336538,728.8169875789545,737.0633495451757,9.15031769524239,9.741227557609099,9.396853771522837,9.552911355031735,TAKEOFF,HEALTHY,False,0.0,1.0,OK,42,91.95,98.87,0.893292,2.070515,0.221656,0.035415,-6.517458,0.005037
2026-01-01T00:00:02Z,O320_CLASS-SIM-01,O320_CLASS,HIGH_ALTITUDE_ISR,164.75313718165978,8.746673584566144,1785.024049462725,0.8926609881547741,73.83505636120704,751.4353095419211,67.22728552734067,49.54608499116644,23.30289187904352,0.5919402402962884,13.871925179601895,9.816383495101741,26.514750302926725,26.43054565065785,54.707473761451126,4.410419811742542,0.8652550596680593,59.75223598438844,3.131525947398669,30.230219403336253,7.046843560903752,0.14950757257745287,18.41180258251707,19.12758259975591,70.34456816156276,75.93314382698532,70.29347676928772,73.68009605939076,738.7173556739473,762.908418836922,743.9926589906715,753.5746084946335,9.867571307755856,10.335131926248057,9.972634289410339,10.078943629532182,TAKEOFF,HEALTHY,False,0.0,1.0,OK,42,92.07,97.87,0.26982,1.742024,-0.180538,0.012517,-7.802534,-0.012743
2026-01-01T00:00:03Z,O320_CLASS-SIM-01,O320_CLASS,HIGH_ALTITUDE_ISR,249.69184366319857,8.232496691763412,1989.3342819129432,0.9141806162749148,80.80380620370744,767.3741322835937,71.79859790027359,50.57529918024934,25.29755387952509,0.6881329912179042,13.888926079582786,11.781914839932737,27.344579801767736,27.2501827575005,64.68510620955983,4.372333852841435,1.2021573549284865,66.51154989265748,3.284117006251523,33.86886477206746,7.045416576664376,0.15731651445609782,18.238472452973213,16.118699994147605,78.71696341241363,86.28672679942997,81.0918760068046,82.81156149020379,760.1935260151722,777.6214050834327,758.875654291221,768.2413359311064,10.326876423809468,10.968845441445001,10.611533787348796,10.92490431329404,TAKEOFF,HEALTHY,False,0.0,1.0,OK,42,92.25,96.87,-2.111482,0.889155,0.067935,-0.113803,-3.97181,0.001971
2026-01-01T00:00:04Z,O320_CLASS-SIM-01,O320_CLASS,HIGH_ALTITUDE_ISR,333.9549474832473,7.6849026153285545,2128.4510986284995,0.9338687562580209,89.88979721069363,779.3059048045046,74.76766607797923,52.57654060992691,27.213829496883932,0.759868908191657,13.935859364292854,12.945973181340714,27.699328603675887,27.455268001076334,72.82230048441137,4.540679146092935,1.3086830523153812,72.00828538465652,3.1529400125411593,34.81050280143887,7.023017687951136,0.14637386967732122,20.104962481499935,17.067496726282258,86.43324650622944,96.92306033067054,88.31093575793548,94.26268604437739,773.4991508532714,791.8743842619796,777.2220103765476,783.3799348686657,10.8222833044349,11.35019884988907,10.838549067214954,11.074362522370764,TAKEOFF,HEALTHY,False,0.0,1.0,OK,42,92.45,95.87,-0.927969,-1.066352,-0.270471,0.031679,-18.245117,0.005634
2026-01-01T00:00:05Z,O320_CLASS-SIM-01,O320_CLASS,HIGH_ALTITUDE_ISR,494.7033263210274,7.022974799572679,2235.273586478496,0.8993923529774099,92.35788470570859,784.248885183485,77.00824115564669,53.80414583399439,27.43196072509338,0.8003302549445916,14.007337865592858,13.861860168247535,28.042822393366013,26.147258293921844,75.33563568397054,4.555057096083523,1.2291526799241097,74.27486145842896,3.372688427149122,36.347591013863685,7.02487240775118,0.1532166339734452,18.371874781006845,17.022249021738048,88.80721053810542,96.56972899039876,91.32125516138393,96.1261161301561,773.2556355499231,794.9156972090485,771.8333645261249,785.8377256234276,10.877244601897752,11.447197978687292,11.024450834166883,11.307973148265118,CLIMB,HEALTHY,False,0.0,1.0,OK,42,92.65,94.87,0.098051,3.017281,0.07222,0.053969,0.559553,0.016909
2026-01-01T00:00:06Z,O320_CLASS-SIM-01,O320_CLASS,HIGH_ALTITUDE_ISR,968.0405204802007,3.517707759005732,2287.2196436558597,0.8968094389111106,96.33559249756952,787.1521001081228,78.2781358086585,56.366274935070585,28.22189619802569,0.7827983800703757,13.966911640227108,14.479340494926607,28.479655800985846,25.61658268461415,78.80119203610617,4.490219152453528,2.092362639796727,77.17090869614432,3.1631845325738808,37.8863365060124,7.0153018409144785,0.14704646493018256,18.497070240611677,17.53440046146335,95.33758064213622,100.43517445418846,94.54758055070216,95.50786666619588,776.1572077832266,793.4579623092826,780.056887262763,787.0146232103585,11.150192824689022,11.617115557720695,11.190370209397948,11.71807359799149,CLIMB,HEALTHY,False,0.0,1.0,OK,42,92.82,93.87,-0.1106,2.871603,0.215882,0.012513,0.274533,-0.027552
2026-01-01T00:00:07Z,O320_CLASS-SIM-01,O320_CLASS,HIGH_ALTITUDE_ISR,1436.957755016978,0.48270438545402616,2329.4647036119786,0.9017360602644067,99.62027204957406,785.7221416608378,78.79883730837408,57.564216085699144,28.830282799338455,0.8177517529879408,14.003432986205114,14.909548379812524,28.531444700150736,25.206103100622496,81.92623535746847,4.472110574436031,1.2974267837181728,77.2750647909934,3.2065175715785985,38.95672074112625,7.0661657507137585,0.15077714663834232,18.29332869028245,17.694036692105584,97.90588502553126,105.82627859380158,98.74381495385019,103.50089339667441,778.3509042575673,804.9222689795996,788.3628287602336,792.8003037104774,11.24143486151334,11.813486520530248,11.547770874536031,11.713499376300692,CLIMB,HEALTHY,False,0.0,1.0,OK,42,92.96,92.87,-1.999263,-2.04056,0.070242,-0.206922,11.616799,-0.012935
2026-01-01T00:00:08Z,O320_CLASS-SIM-01,O320_CLASS,HIGH_ALTITUDE_ISR,1911.8313262161985,-2.6839101202683495,2332.2170234983305,0.8949829147505028,103.75806628517326,786.234659087506,78.98393331285656,56.83660713668545,29.364830266546605,0.832657248589951,13.974893432304494,15.058180458301957,28.877860130169832,24.307739528456143,86.90110289486289,4.4947251552522225,1.496155882096443,77.3072932308682,3.093765245202213,39.00902164773571,7.081458927122961,0.1423306929754193,18.33541867045705,16.85696339031037,101.3977952717863,109.79859658772736,102.31123534041471,106.58889884793682,783.3136048902277,801.161436832094,789.6104059223607,795.9457067730639,11.430484323376094,12.13487215115515,11.580476841760792,11.851596443205493,CLIMB,HEALTHY,False,0.0,1.0,OK,42,93.14,91.87,-1.314779,-1.290527,0.047854,-0.060557,4.74669,-0.005621
2026-01-01T00:00:09Z,O320_CLASS-SIM-01,O320_CLASS,HIGH_ALTITUDE_ISR,2382.888476903031,-5.481684794287783,2316.811437682312,0.894201390091412,107.6550458729713,789.2346140814349,78.75029181154207,58.083995665609315,29.80551458040058,0.9133478350132093,14.003814433996858,14.727649195382677,28.670086513070782,24.002583886736545,90.65438634681612,4.5610097019642195,1.6211273231856336,77.06356239466777,3.17104585432183,38.73273947877958,7.023331036342922,0.1466442986130171,17.85321795728328,17.000659526155175,107.60197827486918,114.78215242904581,104.43207595781199,111.52556031425453,779.4948389450884,800.5204090815088,789.1273672703444,786.0890233949765,11.402389975184848,12.096950755023604,11.473150697243822,11.957754173044417,CLIMB,HEALTHY,False,0.0,1.0,OK,42,93.18,90.87,-1.816012,1.346996,-0.139574,-0.036155,-8.515694,0.070886
2026-01-01T00:00:10Z,O320_CLASS-SIM-01,O320_CLASS,HIGH_ALTITUDE_ISR,2856.1080904746063,-8.434123513234596,2306.810784671962,0.8919978977503028,114.36291977127091,787.0570724316899,78.68285568318116,57.467260303965816,30.030723455057867,0.8344746533077595,13.974745935284727,15.232062373619444,28.8206334651409,23.523804540044356,94.9807466798284,4.557456215001224,1.2237782968879503,76.63481945682605,3.292531259597018,39.19848038512386,7.048457013295604,0.15664480295218494,17.92675994008318,19.38217309144251,111.14348400441915,118.7119286560702,115.37223355460318,114.773011370785,772.4643105051475,803.2876404658984,782.1017790884765,791.7985187143761,11.580573785280816,11.94762896720726,11.525677953363484,11.737707495522466,CLIMB,HEALTHY,False,0.0,1.0,OK,42,93.26,89.87,0.769595,-0.089919,0.03091,-0.110387,-7.482329,-0.007738
2026-01-01T00:00:11Z,O320_CLASS-SIM-01,O320_CLASS,HIGH_ALTITUDE_ISR,3326.586573342739,-11.564610064653003,2298.700643804299,0.8890710668771756,115.52924959557313,779.4002609879244,78.24705166330115,56.74297192164814,30.34127478586949,0.8656416440416757,13.979532242542847,15.281642977164696,28.673060573618383,23.284325846875845,98.66083004594807,4.471239518257514,1.5188076085502462,76.89383560643529,3.230676681971803,38.658719488948975,7.04334238348013,0.14941228916335933,17.72150396260387,16.86841954962506,111.03497809966274,120.07986016413183,113.80129056007974,115.72414447647152,775.1407262590405,799.4238212786893,781.3208673803583,790.7688898253316,11.5687636842109,12.187841175055453,11.626095249695947,11.97991315563959,CLIMB,HEALTHY,False,0.0,1.0,OK,42,93.32,88.87,-1.953767,-6.126716,-0.029763,-0.012199,1.804902,0.026844
2026-01-01T00:00:12Z,O320_CLASS-SIM-01,O320_CLASS,HIGH_ALTITUDE_ISR,3800.1381899876515,-14.825609733574122,2268.9903687406677,0.8837055936415367,120.51831865255352,782.6130999482074,78.09907289447636,58.146118537441005,30.447635757318498,0.8486738190778779,13.939324315188868,15.123843158349642,28.571685405007937,22.469929957218245,104.32671687028868,4.446077259026737,1.3095227926625659,75.25664284629708,3.2009402486092293,38.2380718785269,7.045204875320426,0.1516433100114124,17.303112998259355,16.19160178226484,120.36507176032615,125.86990005073733,118.16879255176529,125.18491290189186,774.5136771521018,798.8519190021256,781.6582730079409,788.1147290777834,11.500910562043527,12.229089495329928,11.789166932844125,11.868558981330446,CLIMB,HEALTHY,False,0.0,1.0,OK,42,93.39,87.87,-0.505378,-0.198394,0.315053,0.001433,-5.051139,0.016562
2026-01-01T00:00:13Z,O320_CLASS-SIM-01,O320_CLASS,HIGH_ALTITUDE_ISR,4272.462508112198,-17.60800842082448,2243.7361077269948,0.8854809555600514,126.20096913492098,782.3510174588523,76.94308882863592,54.940967282328394,30.576974297782428,0.7825016571080082,13.951356733849284,14.81696499795804,28.824399198818057,22.467229661304415,107.4623316593923,4.48935443437051,1.355265618708894,74.87453128061773,3.280290182243612,38.003693493399204,7.042461133309453,0.1553192576636718,16.373414839797107,18.738637475528677,123.04151314600901,134.92851514235937,125.36662416640353,130.38182631237487,773.8408074647281,795.3085782161978,778.3958973470303,786.0550241867159,11.391937195590192,12.08871989604483,11.536172812193366,11.897542606233301,CLIMB,HEALTHY,False,0.0,1.0,OK,42,93.39,86.87,-0.339369,0.444876,-0.344638,-0.125734,-7.288909,-0.045153
2026-01-01T00:00:14Z,O320_CLASS-SIM-01,O320_CLASS,HIGH_ALTITUDE_ISR,4746.0723749511135,-20.783909177803306,2223.488971187897,0.8838708941215804,130.8630526715906,781.7572081545883,76.01079641409133,55.195275686368205,30.718782022606124,0.7609184890724888,14.000264291140896,14.980383240403315,28.361844979835347,21.649240984896448,110.86183726797297,4.440158779801433,2.2095582874845183,74.41007417094323,3.2006195092203127,37.468380185205945,7.018228625733788,0.1485133831865118,16.82298064959714,20.00121540361762,127.90430936051473,137.21966952078142,130.55042817760037,134.2359493654083,769.3532234942331,794.1117865661571,781.3051511837974,781.5078917819711,11.357646243237461,12.135524642600243,11.56335437675902,11.930967607059952,CLIMB,HEALTHY,False,0.0,1.0,OK,42,93.31,85.87,-0.670284,2.024553,-0.74925,-0.13173,-3.063919,-0.060468
2026-01-01T00:00:15Z,O320_CLASS-SIM-01,O320_CLASS,HIGH_ALTITUDE_ISR,5216.002863098829,-23.690076496892726,2201.344206574738,0.8816275687577565,138.52622787814715,776.2101142900791,75.81735431249885,54.177585924224864,30.958604809304234,0.7512187308113912,13.972525668422268,14.47643771825991,28.574015543501496,21.104799391667537,118.01931363205993,4.37823140244585,1.2403744432962691,73.46691028523095,3.233156612413914,36.46883661217983,7.0464244120125805,0.15101694120309972,16.10426343787976,20.50691424608722,134.50884071349185,142.44256520772151,136.02612315862743,139.48336641627017,770.0037944861156,795.2197603918828,773.853257970532,781.1932908286858,11.338129200669758,11.915830393452122,11.448853664090263,11.717307622039876,CLIMB,HEALTHY,False,0.0,1.0,OK,42,93.18,84.87,1.522097,-1.290324,-0.393745,0.001871,0.249768,-0.063152
2026-01-01T00:00:16Z,O320_CLASS-SIM-01,O320_CLASS,HIGH_ALTITUDE_ISR,5511.7987413322835,-25.777236683106292,2105.3009521185095,0.71799273896895,106.13636584082636,738.993995886921,74.0728704519863,52.53923316401409,26.258406026556766,0.7301394717180268,13.887697605869235,12.494062941275303,27.744853746511357,17.212306226695983,87.20801907827236,4.3719260911715025,1.5755662642942243,70.78703551419945,3.15284468914457,35.372293731106126,6.990958575160355,0.14421826169867333,14.810567937518513,18.928346762554,100.24794483186211,110.9277390879484,106.8520891601244,105.29122228485845,726.6330739939131,749.8518093110985,738.9788126516675,738.4783412685489,10.527298866336768,11.25307988461726,10.525235244697871,10.794890440004547,CRUISE,HEALTHY,False,0.0,1.0,OK,42,93.13,83.87,1.317542,2.110778,-0.061441,0.066167,0.521304,0.008065
2026-01-01T00:00:17Z,O320_CLASS-SIM-01,O320_CLASS,HIGH_ALTITUDE_ISR,5541.031256756975,-26.098921595261647,2041.8318595963292,0.7188166527729749,98.74218258088968,733.4381525395987,72.40581019546607,52.64974017410295,25.60507920631242,0.6692508555264162,13.931144526492805,12.109558384286055,27.517175947636694,17.04780959065106,83.30256460440283,4.379909169158961,1.2057669454298974,67.13250109211047,3.200404588234711,33.27690503145911,7.012186777393237,0.153569100682412,15.059585304257672,15.439617976486844,96.75117185037088,107.84890532599182,99.01115842010562,102.92029856341664,724.9563668753825,742.2906287299609,730.5630354125465,735.5492694908526,10.294263900583115,11.036206377544678,10.393948082159417,10.524172539886052,CRUISE,HEALTHY,False,0.0,1.0,OK,42,93.08,82.87,-2.134592,1.267078,-0.234126,-0.043702,6.356548,-0.025669
2026-01-01T00:00:18Z,O320_CLASS-SIM-01,O320_CLASS,HIGH_ALTITUDE_ISR,5573.844976921089,-25.831886521394665,1981.1346859340947,0.7132691810616167,97.45639998767066,727.7053951005416,71.46215607733501,49.363650024045086,25.22800338883489,0.6956498330815231,13.858189094085548,11.666867346870262,27.57043237563228,17.279935939523664,79.559120629451,4.414970496790441,1.2906499137196676,65.28055886583604,3.156174700753794,32.76057617472458,7.073825596380091,0.14912913633097521,15.754054189112473,17.897279358219663,92.97336971243278,103.50986950931,97.10808115479264,98.52540988730863,720.953140819054,744.0585089856381,724.4495773622834,728.345064527634,10.197334322425592,10.726545500960386,10.321352073450678,10.582212326968978,CRUISE,HEALTHY,False,0.0,1.0,OK,42,93.07,81.87,-0.024324,-0.270066,-0.040016,0.13158,-1.574737,0.022801
2026-01-01T00:00:19Z,O320_CLASS-SIM-01,O320_CLASS,HIGH_ALTITUDE_ISR,5598.631997866453,-26.650086846136197,1950.6778267676173,0.7149069435600416,92.53172662180053,727.5663103029085,70.83728201265828,48.369747910337395,24.80880846216511,0.6935259383922144,13.904738820162942,11.776706451359926,27.18719919785828,17.265893720969565,77.47587748789836,4.45586778562568,1.2719821649791336,65.5199055737297,3.075942606167984,32.098695556368384,7.026566490068584,0.15395400860589495,15.650686518188579,15.055849133902171,91.72115909226126,99.77225924029557,94.8805356677899,97.24077758196586,720.4603611708078,730.848868339531,720.1240850706374,728.2569512095038,9.920197305881207,10.628734711322593,10.182613297604425,10.479737414510591,CRUISE,HEALTHY,False,0.0,1.0,OK,42,93.03,80.87,-2.509399,2.520775,0.144361,-0.026521,5.49886,0.034395
2026-01-01T00:00:20Z,O320_CLASS-SIM-01,O320_CLASS,HIGH_ALTITUDE_ISR,5632.621829789871,-26.63794957386908,1910.6682050054612,0.7146479956794777,95.24343089267845,721.0038334227258,69.76236858360843,48.13955332880968,24.620565311095326,0.6752568615658794,13.887337363025255,11.127020419408385,26.865884877886653,17.159625272506375,75.8158705354583,4.349001962813724,0.599190623329765,64.30669834322501,3.0843907409282023,31.164087687475977,7.033684221517879,0.1556400942867465,13.742560744476318,19.427560357220145,88.53946451209383,97.40009288410592,94.97619084702932,96.40830302132777,717.7456821843969,732.0232477056345,717.0851228372015,729.7871716131813,10.042273008888447,10.681510167922742,10.172597383139337,10.449862560529983,CRUISE,HEALTHY,False,0.0,1.0,OK,42,93.0,79.87,1.364588,-2.305503,-0.337229,0.00098,-6.994304,0.026394
2026-01-01T00:00:21Z,O320_CLASS-SIM-01,O320_CLASS,HIGH_ALTITUDE_ISR,5660.951464341643,-26.677977748780116,1904.4133915551813,0.710331684582645,90.09192531298386,724.2599442782978,70.14979486407796,45.69402751242697,24.354203627951765,0.6452957032605692,13.910781856027095,11.229345270460241,27.0210109371028,17.059483248288217,74.07414308212499,4.406439563077213,0.9661136657071796,62.75771022378978,3.317943013422554,33.060756809984795,7.057917409566867,0.14539574801095437,15.29191103358289,16.01778223085887,90.54808719363973,98.25246601569896,93.46314547995856,95.7417042936848,715.975623493082,735.6662996342857,719.7779550081754,721.4047473950266,9.993400797285965,10.54221575438519,10.034323834481919,10.511256440637187,CRUISE,HEALTHY,False,0.0,1.0,OK,42,93.01,78.87,-2.126602,3.129257,0.525947,-0.001006,8.814662,0.005801
2026-01-01T00:00:22Z,O320_CLASS-SIM-01,O320_CLASS,HIGH_ALTITUDE_ISR,5693.06968348752,-26.784212148050898,1884.0469818255276,0.7150822026228576,91.9171965586483,720.9143623917134,68.8933501830205,45.71077235477062,24.30791631752461,0.5831314004873994,13.877598650693328,10.629481487471802,27.153943972402136,17.2032782996815,73.91188909319929,4.415315354457056,1.0596095235369751,62.63205215729158,2.9999472683897936,31.245913072759134,7.019956228537141,0.14374842230538426,15.101525198879845,18.005307465449008,89.28962973182597,94.022671474874,90.51870578568342,95.396284820776,715.585040416158,735.4848797281247,717.5241088201734,722.8722332155616,9.86133557554489,10.575599874113564,10.128373884482748,10.44101797066194,CRUISE,HEALTHY,False,0.0,1.0,OK,42,92.98,77.87,-0.652298,-0.157027,-0.426274,-0.054149,2.557165,-0.052726
2026-01-01T00:00:23Z,O320_CLASS-SIM-01,O320_CLASS,HIGH_ALTITUDE_ISR,5721.888064713608,-27.201381917527296,1859.7053383399648,0.7105522629964544,91.50118631230063,718.7986240774412,68.83336422882792,44.54079758800669,24.167737546060437,0.6053909367232272,13.885597348282301,10.447741078745507,26.874866787651705,17.064134919691835,72.32896567765475,4.376499003563764,1.4701423984549122,61.74092642266125,2.892745419160741,29.671506966920187,7.035209176147532,0.1501545863901635,14.768662880949478,19.172220634645882,89.86179362192075,92.0312572288736,90.63440969017424,95.58266618123336,707.9204898962396,730.164412655545,714.0451564392289,721.6207940526821,9.891920342535641,10.632220125632244,10.215012236976486,10.281146164934274,CRUISE,HEALTHY,False,0.0,1.0,OK,42,92.97,76.87,0.401281,-0.333826,-0.2166,-0.006448,-9.278512,-0.024698
2026-01-01T00:00:24Z,O320_CLASS-SIM-01,O320_CLASS,HIGH_ALTITUDE_ISR,5752.857590321097,-27.369663528452307,1873.940285192246,0.7098134027006929,90.89703873201663,719.2901035766242,70.12586716909887,44.02463459848523,24.067447205468774,0.665530912005465,13.863124200515818,10.345637226531462,26.937990252428428,16.981927342358155,72.9626300723707,4.399432528026759,1.1336951934243227,62.20950818133932,2.907720104485003,31.53177075119825,7.01478362011815,0.14278850432220294,14.779857681891173,17.934408659645925,87.66574084573294,94.49951009390283,90.78631712726322,90.7265065912049,709.1555861486995,728.6217949902182,715.2366555839991,724.2130102489589,9.813554688527438,10.552128738693819,10.049226313964096,10.132830424232369,CRUISE,HEALTHY,False,0.0,1.0,OK,42,92.93,75.87,0.172314,0.968949,1.284497,-0.027934,14.630344,0.039016
2026-01-01T00:00:25Z,O320_CLASS-SIM-01,O320_CLASS,HIGH_ALTITUDE_ISR,5776.824017601309,-27.570300274891775,1850.2673005472354,0.7086026835823745,90.32202736711928,718.139693823271,69.06356537430722,41.51641628428946,23.96980628443198,0.5799984901272098,13.88080900913595,10.71421342481491,26.707298973256492,16.556221591986812,70.99241202486724,4.355604733689486,0.8603546024874118,61.530306989356845,3.102843267852256,30.617853586834144,7.055242567835401,0.14661991347159314,14.359540178795957,19.32961534225204,87.87391962273622,92.85214321006636,89.74014387293553,92.50943609054494,709.1334667547411,734.3406225459433,712.7091718886114,728.7566887360678,9.85672870898919,10.37260190932982,10.030356791407025,10.178663608901937,CRUISE,HEALTHY,False,0.0,1.0,OK,42,92.88,74.87,0.084156,0.64892,0.389692,-0.048187,-1.274633,-0.043471
2026-01-01T00:00:26Z,O320_CLASS-SIM-01,O320_CLASS,HIGH_ALTITUDE_ISR,5808.396175752089,-27.702349766902437,1849.9540867297426,0.7063747122185391,91.24048638514776,719.7602337262039,69.11831778744325,41.94369703808743,24.03348799078576,0.5459645827992006,13.86108167054594,10.131949693449732,26.765121953084023,16.800072831642627,71.9226739375323,4.490141762139054,0.9724607383401364,61.72387715927983,3.073730282942107,30.81906113070783,7.034232889517596,0.1522416203298658,15.355029522261079,19.317812447615466,89.32669120749708,95.32003033395583,89.73992054014549,90.32930344731373,708.6028341039042,731.6873327258019,716.4643702464025,722.5012935295363,9.929412970496495,10.497762790450563,10.104525954391805,10.271650186287628,CRUISE,HEALTHY,False,0.0,1.0,OK,42,92.72,73.87,1.408959,3.119031,0.593897,0.10355,5.343255,-0.074534
2026-01-01T00:00:27Z,O320_CLASS-SIM-01,O320_CLASS,HIGH_ALTITUDE_ISR,5838.752166812357,-27.904980954317185,1816.5130400426783,0.7071943429013415,85.43825142195632,711.9142246633203,68.60479739613123,41.06678133750531,23.85225608427976,0.5905403641703316,13.910439715169975,10.181204837070272,27.062475751223168,16.839917169535216,72.14277575371908,4.475835806496711,1.058928736459285,60.83075451130462,3.0842468115069623,30.637474661872936,7.0066925203426775,0.14872083964329588,14.382996926602218,13.295475668237245,88.00288344799522,94.66826462349195,88.19215318849271,91.6570739162802,708.8922492370523,730.0733257809031,710.2237464958257,718.09812028397,9.932884197131422,10.41152291012284,9.88116249249147,10.270014876649867,CRUISE,HEALTHY,False,0.0,1.0,OK,42,92.57,72.87,-4.527838,-4.471005,0.187167,-0.072,-23.145195,-0.028592
2026-01-01T00:00:28Z,O320_CLASS-SIM-01,O320_CLASS,HIGH_ALTITUDE_ISR,5869.742673756668,-28.378416812398033,1836.9451654005763,0.706709261422952,90.07021391906014,717.2066227846091,67.75783689379615,40.160510607028186,23.846176986258953,0.5978021276839983,13.894308841007193,10.631154598552058,26.97656303033639,16.991942254471457,71.53316283170847,4.41171900409073,1.246300883851879,61.23089936387865,3.106767406017542,31.244157700115405,7.032689481156702,0.14635356531813168,14.528614165108369,18.53705108735167,87.37181574361323,94.42544011381254,88.93126514231513,92.6260690403159,706.5021446865127,729.8954135660949,713.7631968855807,716.922229814471,9.947536849275206,10.392092886479752,9.849744838525492,10.138548969213401,CRUISE,HEALTHY,False,0.0,1.0,OK,42,92.49,71.87,0.393498,1.519005,-0.571035,-0.051212,1.403289,-0.019899
2026-01-01T00:00:29Z,O320_CLASS-SIM-01,O320_CLASS,HIGH_ALTITUDE_ISR,5897.277956068507,-28.334435906963275,1828.5781781699104,0.7033739551123378,90.20085509425176,715.914283112042,68.35237532725313,39.477503972654155,23.847274029704423,0.5310735116983624,13.856246281615398,9.67945975460847,26.69604288486795,16.748642754136924,72.29363855550453,4.452650903801233,1.0740007877681805,60.77545220177756,3.140829427550142,30.090482260378554,7.0337444227475485,0.15493068158480383,14.438763137153915,17.907216538747235,87.46573069453653,95.27331478871123,86.82502500997654,92.91805392799888,709.1602937451747,727.3703723711782,709.7776243349772,717.4869766533335,9.777961492189377,10.464382055404975,9.894524484949507,10.245975478231209,CRUISE,HEALTHY,False,0.0,1.0,OK,42,92.32,70.87,0.872843,0.964882,0.125819,0.046122,-2.21866,-0.084124
2026-01-01T00:00:30Z,O320_CLASS-SIM-01,O320_CLASS,HIGH_ALTITUDE_ISR,5926.708795278111,-28.56632457338011,1827.6735848848662,0.7077474031472607,87.66354991363623,718.207178305078,68.20023440201082,38.77244281341106,23.780592257626747,0.6315950706337353,13.86164194086707,10.554134562609734,26.606732388704287,16.873889919340186,70.80083500409025,4.389511733213987,0.6886963983358303,61.12072528844956,3.235557394017394,30.384721770281217,7.0297384581600175,0.14442691518466036,14.584840865809394,16.862714909545986,83.72713731067837,92.74701172018243,88.45650776942436,93.29484849687276,714.9547744725411,724.76738663364,715.8330423587889,720.2583993300575,9.798550525469185,10.445257893346986,9.965603655903292,10.209481995257873,CRUISE,HEALTHY,False,0.0,1.0,OK,42,92.23,69.87,-2.554003,2.712467,0.012169,-0.117921,-1.338127,0.015587
2026-01-01T00:00:31Z,O320_CLASS-SIM-01,O320_CLASS,HIGH_ALTITUDE_ISR,5957.720833589093,-28.938883115636493,1810.7414757459749,0.7029731564332291,90.21224429464858,713.2548811860778,68.0637906688969,38.85282815629712,23.74409926439627,0.5860771341502211,13.90217656672157,10.55365786343764,26.73492863441509,16.80492140898125,72.18550882245769,4.44833443032638,1.1917781859828285,61.068856102409164,3.141821522627338,29.506971149798225,7.047599410898827,0.14322093014436724,14.284066000624492,16.67439189444609,87.94728842671877,95.25227106904794,90.22303825953543,90.7844292494757,702.5507149598908,725.28614989251,711.3135553754428,719.2444276327411,9.891641053203067,10.372044980902254,9.979109372646764,10.111856442947763,CRUISE,COOLING_DEGRADATION,True,0.02333333333333333,1.0,OK,42,92.16,68.87,0.879545,-0.915864,-0.043649,-0.037263,-14.531094,-0.027408
2026-01-01T00:00:32Z,O320_CLASS-SIM-01,O320_CLASS,HIGH_ALTITUDE_ISR,5988.770714012303,-28.922152765091198,1813.5799043323225,0.7000045317518407,91.55975949395122,714.2986794998897,68.69319598492685,37.94452941842287,23.684879719874107,0.5270067029021643,13.837742075349622,10.062884934981641,26.544115926814257,16.82104499376076,70.94750925325934,4.45559316453565,1.0234289872487408,60.671227619497415,3.079844148194006,30.32934385194048,7.0678731532954515,0.1384019463662439,13.662511427815723,17.910939324498713,85.06470322699215,93.90125129648267,88.91461611072233,91.78909027061754,704.3478872666672,728.5577560850342,713.591211214767,719.0527984991236,9.86870856628248,10.413507581558104,9.896777318340902,10.237521307603535,CRUISE,COOLING_DEGRADATION,True,0.04666666666666666,1.0,OK,42,91.99,67.87,2.459948,0.785973,0.679328,-0.013657,-7.353106,-0.084259
2026-01-01T00:00:33Z,O320_CLASS-SIM-01,O320_CLASS,HIGH_ALTITUDE_ISR,5992.473611991561,-28.949799022986824,1792.7278000176912,0.6143290249736891,75.30326681099626,696.0924524308535,67.00630443765124,37.38789722312565,21.575912446946372,0.5347796414535184,13.829728389647,9.992505326692855,26.62417981152692,14.6229583865118,54.92209591753317,4.326466832285617,0.2971843905306737,59.306365621468224,2.9595635718723585,29.614522432006634,6.996983333502406,0.1461901277084487,13.963907451059637,16.589645628053958,70.56227694645452,78.63917048789163,70.03222907354305,76.49499114498195,686.5913887167608,710.8905975503882,693.9601077767118,697.8628613093324,9.455538549736822,10.110063465468418,9.679871596541284,9.859555334307764,LOITER,COOLING_DEGRADATION,True,0.06999999999999999,1.0,OK,42,91.83,66.87,2.964775,0.009154,-0.119389,0.03746,12.98551,-0.037617
2026-01-01T00:00:34Z,O320_CLASS-SIM-01,O320_CLASS,HIGH_ALTITUDE_ISR,5981.784847823082,-28.71554005101868,1750.624741056458,0.6194489615729919,78.61540338800165,702.7664966651535,66.05091886177983,36.508017603204465,21.48372517519546,0.5217292626634444,13.809281959931702,9.04564858797158,26.313248091262317,14.645342749147355,52.759961404250376,4.34491649703646,0.6399763762090359,57.9828443185924,3.279411691485166,29.449308423409377,7.046191097605856,0.14755461265940537,13.786982458922626,20.8410030785503,67.01008132851932,72.10284979819605,68.01339838530305,70.56448428060426,680.380785335595,703.5440597465555,696.1050037075947,699.9968281663367,9.52571370466277,10.055347209829145,9.63507330973429,9.740396844052711,LOITER,COOLING_DEGRADATION,True,0.09333333333333332,1.0,OK,42,91.64,65.87,6.919939,7.237271,-0.486442,0.043407,-1.832579,-0.042684
2026-01-01T00:00:35Z,O320_CLASS-SIM-01,O320_CLASS,HIGH_ALTITUDE_ISR,5967.452593097956,-28.67402619822218,1727.263222517756,0.617785747407899,76.69472768838986,695.7423593270751,65.64447752054102,36.00456701958263,21.227936450359884,0.5696575219507435,13.82032871861924,9.017902279015201,26.25879170783645,14.729392762143787,53.0280559415778,4.438575866770332,0.5410413076131148,58.571006466623196,2.9921640513037655,29.700504930890634,7.029407357102357,0.14793925310771516,12.966471418352102,17.43792121419181,66.32920508015528,72.24747699252138,70.03750069924396,74.06174083118867,683.3280076214901,706.6246528169379,688.5425660233561,696.8332863989698,9.441126880058357,9.976084242801655,9.668339147103609,9.730588705452895,LOITER,COOLING_DEGRADATION,True,0.11666666666666665,1.0,OK,42,91.52,64.87,6.589873,1.705774,-0.456243,-0.02158,-4.944113,0.012659
2026-01-01T00:00:36Z,O320_CLASS-SIM-01,O320_CLASS,HIGH_ALTITUDE_ISR,5955.345158344866,-28.685387988056334,1722.8152145757456,0.6144903000699555,75.98590263222977,696.3991601904925,65.4265085116703,37.23028895509029,21.11044526423047,0.5747065558101809,13.886613734067014,9.256733509878792,26.05918348289124,14.668564308303875,50.10892130209433,4.373001951524064,0.6519118883268787,58.02500150449442,3.0771413094454627,28.43305987247966,7.051600262205879,0.13914692295102293,12.853619742890382,18.439409946344668,66.60155983633057,73.49850452567695,67.78347130389204,68.61820769852308,684.5613491377574,710.6415785015125,692.1036491296961,698.1401699057369,9.311326024480143,9.914884509138988,9.326114506152539,9.757061570962232,LOITER,COOLING_DEGRADATION,True,0.13999999999999999,1.0,OK,42,91.39,63.87,7.493599,3.905507,-0.33069,0.051344,6.539346,0.024034
2026-01-01T00:00:37Z,O320_CLASS-SIM-01,O320_CLASS,HIGH_ALTITUDE_ISR,5942.293865688363,-28.85300956574225,1699.5992747496061,0.6117876348380973,75.13976755999083,696.6238897501968,64.67794291371592,36.98651512492748,20.99883142961847,0.5366375554021088,13.763386553674344,8.556292129275542,26.25640507674037,14.171829991732043,49.37751129298986,4.310666950430648,1.065525221314043,56.49213002019696,3.0777407292124295,28.86721183346962,7.064196321155887,0.14898529028162313,14.039036543303816,17.1195972959843,62.227946804053516,74.24115036768528,65.31476675063762,68.81439877661305,683.7092646780399,699.0873550265679,689.4623181493743,699.6784068813625,9.344648748954418,9.794102237940336,9.461309299528262,9.770576355312995,LOITER,COOLING_DEGRADATION,True,0.16333333333333333,1.0,OK,42,91.27,62.87,8.131454,5.526485,-0.808626,0.092557,-4.125657,-0.009042
2026-01-01T00:00:38Z,O320_CLASS-SIM-01,O320_CLASS,HIGH_ALTITUDE_ISR,5925.388145056179,-28.69454823540599,1703.1299113667592,0.6133607036889074,77.20546780545794,701.1069171715377,65.50995605354416,36.8602008952126,21.00064663877605,0.5347954664428987,13.811824281682737,8.84325196700845,26.103317173050048,14.485424827936509,48.040250623780615,4.483514264079649,0.915897262054332,56.17110939376919,3.1262711492411746,28.18130992098605,7.022203845104908,0.15281136435957246,13.195408653342085,19.320283514195985,64.19510904530026,74.53560045102212,66.36543473272046,68.3018500837493,681.5669004925685,701.8571964138179,687.3263282997099,694.9547967355784,9.374593744785786,9.762632101243103,9.520248833532792,9.660913907488418,LOITER,COOLING_DEGRADATION,True,0.18666666666666665,1.0,OK,42,91.0,61.87,10.487609,10.135892,0.199772,0.130142,7.585155,-0.00849
2026-01-01T00:00:39Z,O320_CLASS-SIM-01,O320_CLASS,HIGH_ALTITUDE_ISR,5915.950037063159,-28.619048186530126,1699.9786347819409,0.6140297314588052,78.39044477118097,692.7582624791324,65.50824888188049,36.53887436134816,20.70375012913229,0.5397200450187876,13.84511760479533,8.820479345827932,26.03722083010073,14.584000143562543,49.373013598061924,4.428054742916874,0.0,56.15293359748601,3.0160884495413014,26.75414757927085,7.028967711127252,0.15624378886205254,13.288393382117311,17.972619517097606,63.49872589229425,69.62038926831478,63.98625644873993,70.4102149355145,680.8930332368145,703.9073441641818,681.907052348967,701.1076593813347,9.33335981564535,9.870547632528808,9.481191340740821,9.562362065625006,LOITER,COOLING_DEGRADATION,True,0.21,1.0,OK,42,90.67,60.87,11.933155,1.960748,0.316749,-0.135616,9.93808,-0.001866
2026-01-01T00:00:40Z,O320_CLASS-SIM-01,O320_CLASS,HIGH_ALTITUDE_ISR,5904.337898676731,-28.415264382991133,1682.3923354157766,0.6092730990264792,77.15233421487332,698.45410512168,65.16414946379022,36.65745055794943,20.713224115472794,0.5590500784022507,13.820373679040687,9.194269334987869,25.753761835302274,14.705319577090744,48.701025146002046,4.323146726864751,1.4766911812565713,56.63190819267813,3.127931569449622,28.08949927522344,7.022585780105286,0.14895295586480195,14.017262214693032,16.208892356128523,64.50847859797611,70.6786705122174,63.03953375071933,68.84333977900275,684.8031989884792,704.0037253346381,689.2762434688697,694.2269623588213,9.19739090138702,9.802254560306205,9.290872974880838,9.680665923681143,LOITER,COOLING_DEGRADATION,True,0.2333333333333333,1.0,OK,42,90.22,59.87,11.719134,8.612705,0.101429,0.018103,-1.675856,0.020764
2026-01-01T00:00:41Z,O320_CLASS-SIM-01,O320_CLASS,HIGH_ALTITUDE_ISR,5889.61841656875,-28.349331489012787,1656.0940386570137,0.6064797240349706,79.86316064705969,695.2892066569229,65.11360862680412,34.98202290246519,20.722987539372838,0.5309396299688843,13.840640309386586,9.180992521633945,26.19844896139259,14.44603789785055,46.60586304567394,4.348673809908731,0.9567776452828411,55.93868757460037,2.98983617459651,29.16939482143014,7.024509407855773,0.1614979454651866,13.857679867856143,19.81958492958009,64.55841678490732,70.41641832763617,65.3248800534444,65.99352261629365,679.05983253197,703.0002280647772,689.5867699271282,694.7418797057336,9.157297337938775,9.751388135442324,9.296037892570572,9.508799035710322,LOITER,COOLING_DEGRADATION,True,0.25666666666666665,1.0,OK,42,89.7,58.87,15.292581,6.198217,0.167498,0.129541,-22.566155,-0.004747
2026-01-01T00:00:42Z,O320_CLASS-SIM-01,O320_CLASS,HIGH_ALTITUDE_ISR,5877.087304962248,-28.031243411743798,1676.093320194381,0.603171478177632,79.00019474253318,696.8207193407454,65.73147594002604,34.92229338409103,20.57448511122962,0.6033637745114265,13.844612834421344,8.708358748797693,25.972874088962715,14.517338211007123,47.22061046328194,4.323813305272195,1.0634934770329179,55.186853374549884,3.060940531114869,28.079670212125386,7.01434333501484,0.14988657362337177,13.491342228563694,17.148999823375718,59.7909708487665,68.86810072663864,61.74253988600162,67.08271903519899,677.7971415557558,703.3833291071861,682.7029608344264,692.5485132914699,9.200129223402445,9.956109234369647,9.426520691708987,9.623158791856108,LOITER,COOLING_DEGRADATION,True,0.27999999999999997,1.0,OK,42,89.09,57.87,15.07455,8.290086,0.898618,0.090363,2.685403,0.070338
2026-01-01T00:00:43Z,O320_CLASS-SIM-01,O320_CLASS,HIGH_ALTITUDE_ISR,5864.850643264169,-28.43274551876612,1672.8551061246196,0.6104052847658659,80.12858644074008,697.7054717593968,65.04763012188205,36.83032671845818,20.441139493976667,0.46644547122879143,13.836722112862326,8.360587075006407,26.139117268786123,14.396374599238014,44.60125990406423,4.300324336940628,0.0,55.656276392750115,3.0081524116739073,27.547099412870267,7.048131238351379,0.15599259918258346,13.707713846231355,19.706440396253704,57.74684399141943,69.87480686337311,63.78192483539758,66.61297184787014,683.8505538259858,697.4116302886783,691.9323807366169,691.0278313186358,9.300923983846882,9.705998334117746,9.31656497468921,9.75229564140884,LOITER,COOLING_DEGRADATION,True,0.30333333333333334,1.0,OK,42,88.37,56.87,15.691019,8.487428,0.224356,-0.17783,-0.108316,-0.068269
2026-01-01T00:00:44Z,O320_CLASS-SIM-01,O320_CLASS,HIGH_ALTITUDE_ISR,5850.890701547551,-27.907344942563412,1672.4822410451716,0.6049182888162048,82.36795809007884,697.2739848899357,64.05972827495704,35.52707422380189,20.518479349922185,0.5482972528568517,13.7827917920112,8.332728477411491,25.84306734468705,14.36461449609152,44.62213863304898,4.331816431706917,0.5747528317389571,56.07198656106155,3.1068936419809052,27.72646159911924,7.018603736659813,0.15069962156019556,13.374908275901353,20.737351260800473,58.802621380679064,67.11253769054164,61.57064975797304,63.97765880424182,681.0744643399016,702.7774326840641,680.8269907603183,693.6636717963611,9.215001193451435,9.859916751915685,9.381560955624455,9.506308114678212,LOITER,COOLING_DEGRADATION,True,0.32666666666666666,1.0,OK,42,87.61,55.87,18.570427,8.609655,-0.706679,0.033767,2.156115,0.015963
2026-01-01T00:00:45Z,O320_CLASS-SIM-01,O320_CLASS,HIGH_ALTITUDE_ISR,5836.5679545132525,-27.94558646366225,1676.4814594217646,0.5994177791040678,81.92233325359292,701.1850804526955,64.6604564096432,36.69332995720571,20.407786302776593,0.5265339035465006,13.780631210598976,7.904207156419903,26.060749903194296,14.247449935100216,44.94984725378324,4.293474989598454,0.3672108374431541,55.5214548854127,2.9520891218004963,28.106563666125766,7.035390826658536,0.15160424823162302,13.892776000113505,18.77929417176464,62.48092183718381,66.51287887621865,62.0318672304816,67.01330426056536,684.0810856885569,696.022175312509,684.3503999355751,697.3618295481444,9.265374133405233,9.84034884750769,9.357313029514536,9.584023730932689,LOITER,COOLING_DEGRADATION,True,0.35,1.0,OK,42,86.76,54.87,19.414288,13.728404,-0.014935,0.068539,10.376337,-0.002907
2026-01-01T00:00:46Z,O320_CLASS-SIM-01,O320_CLASS,HIGH_ALTITUDE_ISR,5826.073354235661,-27.904522785414333,1665.7751208697657,0.6027212999763326,81.47988036328644,699.897497802979,65.84131871525064,34.94058097220055,20.412698882015146,0.49979993385649735,13.846082418954472,8.479835738888088,26.023341211800613,14.547269422893052,45.07256757329531,4.418999317515357,0.08387967586319067,56.33241781022872,3.0616722451102367,28.6308705152315,7.001841453236496,0.1458461505919733,13.836716514619205,17.032377271593255,59.693073845074565,68.14323356109574,63.34540342047571,62.27080020612649,682.9204849370285,700.0238734517503,684.3876821385029,688.585682018722,9.257482495684675,9.624109974132042,9.419110123113622,9.487870135376687,LOITER,COOLING_DEGRADATION,True,0.3733333333333333,1.0,OK,42,85.89,53.87,18.650355,11.994938,1.197589,0.023464,1.138369,-0.029969
2026-01-01T00:00:47Z,O320_CLASS-SIM-01,O320_CLASS,HIGH_ALTITUDE_ISR,5812.900699689439,-27.80120865893252,1673.4801631962948,0.6009247409440235,82.25338807906718,697.6641920770774,65.14182379601377,36.92367016961397,20.33190114480938,0.5196973288345124,13.78128025415329,8.54425036336568,25.635336330792466,14.459437153061268,44.635654595462064,4.481370813357061,0.4541699096785459,55.41946422174448,3.203152918598781,28.688509345865526,7.01221611149493,0.15111983714186722,13.755010781089608,17.064136452632184,59.75569112256028,66.2847366674918,61.19877671741794,62.13567875855398,680.1250162466243,701.0697079112856,684.0373876530884,687.8744932192658,9.289108692241275,9.839188146252582,9.30194493539708,9.577578107466113,LOITER,COOLING_DEGRADATION,True,0.3966666666666666,1.0,OK,42,84.99,52.87,19.857584,10.089167,0.535571,-0.003555,10.581489,-0.008967
2026-01-01T00:00:48Z,O320_CLASS-SIM-01,O320_CLASS,HIGH_ALTITUDE_ISR,5797.748995895828,-27.85381151916668,1657.9324707780004,0.6024568416245603,83.1160450694041,700.8997001191083,64.3766148772526,36.84700972591664,20.299626825733487,0.5630603539347971,13.811810484214844,8.033685339094207,25.682635277411254,14.242590251937276,43.15510824910636,4.382179656074389,0.6415762962413011,56.595135326641795,2.8487390124311567,27.866822568782133,7.003484497719844,0.1475329932980866,13.814976531868945,18.23184390747747,55.46629916333737,67.30959540083084,63.80871741906005,63.47419877809591,680.2263570433009,702.5216985522607,683.9550729728035,690.70405290729,9.02095818591824,9.854296355767577,9.343963625437668,9.512002390104929,LOITER,COOLING_DEGRADATION,True,0.42,1.0,OK,42,84.05,51.87,20.764133,13.211197,-0.220422,-0.056079,-4.538799,0.034218
2026-01-01T00:00:49Z,O320_CLASS-SIM-01,O320_CLASS,HIGH_ALTITUDE_ISR,5157.332752208276,-23.608980624949513,1568.6211411916497,0.3952602013598365,44.96135263565422,667.3109173882319,62.105472399315005,34.954783511885296,15.751770342963038,0.49184385572320427,13.809926114830995,6.667127161397271,25.141113081879205,9.630238060630479,9.398337957371693,4.340365556688809,0.4655219880366304,52.32109745316657,2.8558021264359987,25.8009339102809,7.0341182058218,0.14315832851224441,11.763208914060291,16.36392252053971,22.93868847834375,32.33534501559718,25.58536959989979,31.58440986896202,647.7401465495767,662.2849875896743,653.234081121847,656.8964415182197,8.54355589752513,9.214821128843901,8.700375813656922,9.051144072541168,DESCENT,COOLING_DEGRADATION,True,0.4433333333333333,1.0,OK,42,83.12,50.87,17.499125,12.973352,-0.574663,0.070774,-4.950363,0.0446
2026-01-01T00:00:50Z,O320_CLASS-SIM-01,O320_CLASS,HIGH_ALTITUDE_ISR,4513.123949193445,-19.43569912574585,1504.663230841213,0.386963960598528,45.59320530768156,666.2735037032938,61.99150247575552,37.44948772912479,15.041122598621259,0.42886705750969023,13.757027303364936,6.310443243822028,24.89425742570374,9.536748545926088,5.686785063437475,4.3258946931970375,0.0736245180634012,50.75153674588874,2.9082246462582484,27.412891809237077,7.00559364576669,0.15036008820958527,11.240827446689506,20.160539684976104,23.887432518947666,31.007545902960583,23.773668687860376,24.508091058586857,646.5630332973867,662.5667395261611,655.318098454633,661.3586168597724,8.50353382264257,8.900988646503764,8.567225421270829,8.940919590091541,DESCENT,COOLING_DEGRADATION,True,0.4666666666666666,1.0,OK,42,82.18,49.87,21.292939,12.593017,0.683994,-0.032003,-5.250204,0.003076
2026-01-01T00:00:51Z,O320_CLASS-SIM-01,O320_CLASS,HIGH_ALTITUDE_ISR,3873.247896966159,-14.997910242561913,1453.3822504937477,0.38274596175648296,44.65675738175439,661.4507783137599,60.36001521300879,36.31375454195599,14.621983780709712,0.33709036392000385,13.77232333941718,6.1394969191159525,24.80000630281168,9.691846336576127,4.742826499982763,4.322911877353592,0.5422653536169942,48.71839843562765,2.9590351071631997,24.509189139131557,6.975232647219633,0.1523851756361323,11.920721279134998,19.57302798237269,19.95677651247228,29.338337683967634,18.968012927503565,22.13648541778749,647.3229908185593,666.4802287172032,652.0121101121646,658.1151980570714,8.480279341426249,9.101742154926344,8.615849631003176,8.796264770814687,DESCENT,COOLING_DEGRADATION,True,0.48999999999999994,1.0,OK,42,81.28,48.87,21.315604,6.691478,-0.009107,-0.026352,-13.011829,-0.074293
2026-01-01T00:00:52Z,O320_CLASS-SIM-01,O320_CLASS,HIGH_ALTITUDE_ISR,3225.409894490008,-10.870328854508722,1445.9667763389282,0.37747959301444417,42.59748369451853,668.8021256645519,60.062122303070176,38.08882146904197,14.213448781502429,0.3912581972322861,13.79752984916978,6.031630503185654,24.53514218652624,9.924451253972727,5.147314193731767,4.323684322380773,0.45125940169683376,47.743745282796716,3.147827893571606,23.21599536984965,7.001099715529485,0.15005492756763764,12.394928408724265,16.48149978010686,17.23832513153783,25.518939762031476,18.42779212507756,24.73342772455954,644.3252660174829,666.5265331390488,654.6643180387777,658.755555306754,8.393486642800546,8.95103704836094,8.578753226188793,8.80299432636892,DESCENT,COOLING_DEGRADATION,True,0.5133333333333333,1.0,OK,42,80.39,47.87,19.677431,12.824884,0.325805,-0.066173,8.920199,-0.009529
2026-01-01T00:00:53Z,O320_CLASS-SIM-01,O320_CLASS,HIGH_ALTITUDE_ISR,2584.676385170027,-6.832440620152946,1424.6922472886104,0.37102484897860344,42.96735922334564,670.72216981421,58.856036597079374,38.98598041591134,13.98270559695374,0.4038576293996349,13.775196855328018,5.816983903935657,24.7191428560558,9.897238055913052,5.214540499314111,4.359160899596007,0.19623245296794492,46.9033136335662,2.880563451927554,22.754126804879835,6.975591240972023,0.15364914394507764,12.896243948046344,16.135189634186727,21.964078018007655,25.38695786986242,22.913366610136496,27.159244127687533,647.9212606700593,669.5960329042254,648.2680114598612,663.0918991162052,8.248965705438401,8.9500212852261,8.359154250018069,8.767479141751387,DESCENT,COOLING_DEGRADATION,True,0.5366666666666666,1.0,OK,42,79.52,46.87,19.886078,13.332233,-0.455798,0.036003,7.331824,0.01119
2026-01-01T00:00:54Z,O320_CLASS-SIM-01,O320_CLASS,HIGH_ALTITUDE_ISR,1944.393911870284,-2.7460484078287104,1394.735125478224,0.3599736682006143,45.901533132337306,669.9128167708895,58.39968752347828,39.47989518875509,13.622105439007784,0.3431686897902336,13.750923279261004,6.028852935489887,24.647220700746193,10.028489622155833,6.437242724674575,4.255172622079946,0.35641691744699433,46.86801136956016,2.9530163491501273,23.745541770924394,6.9959481938147405,0.15254910353888057,12.30587331546375,17.185019744337904,16.366218888857095,30.52741726516787,18.170509861873562,25.017885171568505,654.2905162566442,670.2626119781136,651.8159142064623,660.9332609687209,8.382948349868546,8.747075527719003,8.541115178239856,8.686387722239512,DESCENT,COOLING_DEGRADATION,True,0.5599999999999999,1.0,OK,42,78.68,45.87,22.41403,11.352691,-0.587964,0.043488,-7.590755,-0.041846
2026-01-01T00:00:55Z,O320_CLASS-SIM-01,O320_CLASS,HIGH_ALTITUDE_ISR,1298.21140700434,1.462532739154574,1388.5465248285886,0.3600657837350504,49.132825363699624,669.58306778881,58.704568793048736,39.91703706095672,13.45074575980449,0.3275607625540753,13.814019881037275,5.673040016792884,24.340022893456695,10.045902704386386,6.665207790839907,4.248147389816237,0.35893589969757816,45.942186209900804,2.7819633791261813,22.974330815944825,6.974959137464258,0.1462391956596624,11.615299023073097,19.520208444330166,20.799678755415947,33.107947515839896,24.191120214209025,27.674559376947666,648.0350071189117,671.4023126070279,659.0101098977632,663.2906152691996,8.345519679055162,8.77665892470164,8.39996536070451,8.615990520375679,DESCENT,COOLING_DEGRADATION,True,0.5833333333333334,1.0,OK,42,77.88,44.87,23.807501,8.121333,-0.158182,0.041998,-7.986848,-0.054282
2026-01-01T00:00:56Z,O320_CLASS-SIM-01,O320_CLASS,HIGH_ALTITUDE_ISR,657.3893381319316,5.632497917793105,1391.312079804847,0.3519086921973964,49.76698260127704,677.7775834709095,58.89225122139671,42.23787809235622,13.12712440607545,0.40983621188484065,13.758070126077238,5.545678607093526,24.500873351696356,10.505642003701608,7.958342711473459,4.349770200056783,0.0,46.55794420649479,3.157508282760873,23.615588633264085,7.013933887316229,0.14719775265598462,12.12694900181753,18.1910196575474,23.45253345478539,30.65166276599339,25.39581425467812,29.32819941883008,653.3808592855714,673.2636650291093,656.6017801783869,669.8546855694301,8.292336944113346,8.867243918694903,8.475924722574275,8.64574049412244,DESCENT,COOLING_DEGRADATION,True,0.6066666666666667,1.0,OK,42,77.11,43.87,22.86586,14.251594,0.103286,-0.014123,-1.79933,0.032034
2026-01-01T00:00:57Z,O320_CLASS-SIM-01,O320_CLASS,HIGH_ALTITUDE_ISR,333.9213497393826,7.878908947178963,1354.9830324792395,0.2822716896770742,49.6945086429636,668.6549120241764,57.71626120673506,43.96843453547862,12.092100937211523,0.3001523120826662,13.790013929918315,5.229209307804617,24.112247293885563,10.50139793744208,6.261272108208082,4.240969529021589,0.7766927368151036,45.519910438669264,2.9989803884374955,23.867430921740507,7.011303885167853,0.14985958462447985,11.021499396628293,20.15644268167337,21.433507309891777,29.27563610191713,22.582751860765725,24.575752120129756,649.4781460255363,668.8789601057516,650.0879335068355,657.6729194090655,8.172065658401637,8.51870232289272,8.293286230253756,8.478606743476549,LANDING,COOLING_DEGRADATION,True,0.63,1.0,OK,42,76.35,42.87,25.956586,11.64819,-0.247919,0.028151,0.122492,-0.055819
2026-01-01T00:00:58Z,O320_CLASS-SIM-01,O320_CLASS,HIGH_ALTITUDE_ISR,224.1845921325424,8.481535324182472,1319.1397241105194,0.25476172787308005,45.970413609446275,668.6961347385727,56.89516698764479,45.83497477685375,11.562180377588625,0.35403538859589456,13.77424742344282,5.163152143915741,24.402063101226283,10.25779821148304,3.160663545865553,4.246632716524589,0.41000287450915884,44.044423147018165,3.0102256659647417,20.999365200656033,7.0223996826847355,0.14387647611174728,11.616949001894227,19.239817185262243,23.350140581654223,27.61365966680175,21.93864515043104,23.524693293601086,640.5670764234748,664.1895582976446,647.719030663439,654.6567026574902,8.207087096849557,8.691127302931966,8.249673307939023,8.434576512274205,LANDING,COOLING_DEGRADATION,True,0.6533333333333333,1.0,OK,42,75.62,41.87,23.830404,14.869792,-0.162001,-0.037797,6.343544,0.012141
2026-01-01T00:00:59Z,O320_CLASS-SIM-01,O320_CLASS,HIGH_ALTITUDE_ISR,110.85180448744667,9.422460380113673,1268.6692297550662,0.22883916565382742,44.50865392278,663.2190062611488,55.54849275332779,44.77351993442681,11.151027771611016,0.33038048234004225,13.697499281796482,4.732979927977236,23.951120618789663,10.098552032623815,2.164929697504335,4.308287180943891,0.29763107990816784,41.72076009862105,3.0158448050499733,21.966724558698843,7.021591907882799,0.14952357106493033,10.486282295176673,18.496894570169584,16.75301269858618,26.398759099452423,19.989685384802268,23.841135434241238,643.4626482972845,665.5233187089634,648.3508044567942,658.4210930063161,8.08558526590623,8.551557313858915,8.02126792052724,8.529398872758065,LANDING,COOLING_DEGRADATION,True,0.6766666666666666,1.0,OK,42,74.97,40.87,23.414837,11.909059,-0.558976,-0.025087,-0.082934,0.002127
